name,description,price,originalPrice,stock,mainImageUrl,images,category,brand,sku,active,rating,reviewCount
Marni Red & Black Suit,"The Marni Red & Black Suit is a sophisticated and fashion-forward suit ensemble. With a combination of red and black tones, it showcases a modern design for a bold and confident look.",14939,17628,62,https://cdn.dummyjson.com/product-images/womens-dresses/marni-red-&-black-suit/thumbnail.webp,https://cdn.dummyjson.com/product-images/womens-dresses/marni-red-&-black-suit/thumbnail.webp|https://cdn.dummyjson.com/product-images/womens-dresses/marni-red-&-black-suit/1.webp|https://cdn.dummyjson.com/product-images/womens-dresses/marni-red-&-black-suit/2.webp|https://cdn.dummyjson.com/product-images/womens-dresses/marni-red-&-black-suit/3.webp,Fashion,LUXE,FASH-0001,true,4.5,292
Dress Pea,"The Dress Pea is a stylish and comfortable dress with a pea pattern. Perfect for casual outings, it adds a playful and fun element to your wardrobe, making it a great choice for day-to-day wear.",4149,4895,6,https://cdn.dummyjson.com/product-images/womens-dresses/dress-pea/thumbnail.webp,https://cdn.dummyjson.com/product-images/womens-dresses/dress-pea/thumbnail.webp|https://cdn.dummyjson.com/product-images/womens-dresses/dress-pea/1.webp|https://cdn.dummyjson.com/product-images/womens-dresses/dress-pea/2.webp|https://cdn.dummyjson.com/product-images/womens-dresses/dress-pea/3.webp,Fashion,LUXE,FASH-0002,true,4.9,285
Corset With Black Skirt,The Corset With Black Skirt is a chic and versatile outfit that pairs a fashionable corset with a classic black skirt. It offers a trendy and coordinated look for various occasions.,6639,7834,33,https://cdn.dummyjson.com/product-images/womens-dresses/corset-with-black-skirt/thumbnail.webp,https://cdn.dummyjson.com/product-images/womens-dresses/corset-with-black-skirt/thumbnail.webp|https://cdn.dummyjson.com/product-images/womens-dresses/corset-with-black-skirt/1.webp|https://cdn.dummyjson.com/product-images/womens-dresses/corset-with-black-skirt/2.webp|https://cdn.dummyjson.com/product-images/womens-dresses/corset-with-black-skirt/3.webp,Fashion,LUXE,FASH-0003,true,4.5,278
Corset Leather With Skirt,"The Corset Leather With Skirt is a bold and edgy ensemble that combines a stylish corset with a matching skirt. Ideal for fashion-forward individuals, it makes a statement at any event.",7469,8813,30,https://cdn.dummyjson.com/product-images/womens-dresses/corset-leather-with-skirt/thumbnail.webp,https://cdn.dummyjson.com/product-images/womens-dresses/corset-leather-with-skirt/thumbnail.webp|https://cdn.dummyjson.com/product-images/womens-dresses/corset-leather-with-skirt/1.webp|https://cdn.dummyjson.com/product-images/womens-dresses/corset-leather-with-skirt/2.webp|https://cdn.dummyjson.com/product-images/womens-dresses/corset-leather-with-skirt/3.webp,Fashion,LUXE,FASH-0004,true,3.8,271
Black Women's Gown,"The Black Women's Gown is an elegant and timeless evening gown. With a sleek black design, it's perfect for formal events and special occasions, exuding sophistication and style.",10789,12731,25,https://cdn.dummyjson.com/product-images/womens-dresses/black-women's-gown/thumbnail.webp,https://cdn.dummyjson.com/product-images/womens-dresses/black-women's-gown/thumbnail.webp|https://cdn.dummyjson.com/product-images/womens-dresses/black-women's-gown/1.webp|https://cdn.dummyjson.com/product-images/womens-dresses/black-women's-gown/2.webp|https://cdn.dummyjson.com/product-images/womens-dresses/black-women's-gown/3.webp,Fashion,LUXE,FASH-0005,true,3.8,264
Tartan Dress,"The Tartan Dress features a classic tartan pattern, bringing a timeless and sophisticated touch to your wardrobe. Perfect for fall and winter, it adds a hint of traditional charm.",3319,3916,73,https://cdn.dummyjson.com/product-images/tops/tartan-dress/thumbnail.webp,https://cdn.dummyjson.com/product-images/tops/tartan-dress/thumbnail.webp|https://cdn.dummyjson.com/product-images/tops/tartan-dress/1.webp|https://cdn.dummyjson.com/product-images/tops/tartan-dress/2.webp|https://cdn.dummyjson.com/product-images/tops/tartan-dress/3.webp,Fashion,LUXE,FASH-0006,true,4.0,187
Short Frock,"The Short Frock is a playful and trendy dress with a shorter length. Ideal for casual outings or special occasions, it combines style and comfort for a fashionable look.",2074,2447,22,https://cdn.dummyjson.com/product-images/tops/short-frock/thumbnail.webp,https://cdn.dummyjson.com/product-images/tops/short-frock/thumbnail.webp|https://cdn.dummyjson.com/product-images/tops/short-frock/1.webp|https://cdn.dummyjson.com/product-images/tops/short-frock/2.webp|https://cdn.dummyjson.com/product-images/tops/short-frock/3.webp,Fashion,LUXE,FASH-0007,true,3.8,180
Gray Dress,"The Gray Dress is a versatile and chic option for various occasions. With a neutral gray color, it can be dressed up or down, making it a wardrobe staple for any fashion-forward individual.",2904,3426,55,https://cdn.dummyjson.com/product-images/tops/gray-dress/thumbnail.webp,https://cdn.dummyjson.com/product-images/tops/gray-dress/thumbnail.webp|https://cdn.dummyjson.com/product-images/tops/gray-dress/1.webp|https://cdn.dummyjson.com/product-images/tops/gray-dress/2.webp|https://cdn.dummyjson.com/product-images/tops/gray-dress/3.webp,Fashion,LUXE,FASH-0008,true,3.8,173
Girl Summer Dress,"The Girl Summer Dress is a cute and breezy dress designed for warm weather. With playful patterns and lightweight fabric, it's perfect for keeping cool and stylish during the summer.",1659,1959,43,https://cdn.dummyjson.com/product-images/tops/girl-summer-dress/thumbnail.webp,https://cdn.dummyjson.com/product-images/tops/girl-summer-dress/thumbnail.webp|https://cdn.dummyjson.com/product-images/tops/girl-summer-dress/1.webp|https://cdn.dummyjson.com/product-images/tops/girl-summer-dress/2.webp|https://cdn.dummyjson.com/product-images/tops/girl-summer-dress/3.webp,Fashion,LUXE,FASH-0009,true,4.8,166
Blue Frock,"The Blue Frock is a charming and stylish dress for various occasions. With a vibrant blue color and a comfortable design, it adds a touch of elegance to your wardrobe.",2489,2937,52,https://cdn.dummyjson.com/product-images/tops/blue-frock/thumbnail.webp,https://cdn.dummyjson.com/product-images/tops/blue-frock/thumbnail.webp|https://cdn.dummyjson.com/product-images/tops/blue-frock/1.webp|https://cdn.dummyjson.com/product-images/tops/blue-frock/2.webp|https://cdn.dummyjson.com/product-images/tops/blue-frock/3.webp,Fashion,LUXE,FASH-0010,true,4.2,159
iPad Mini 2021 Starlight,"The iPad Mini 2021 in Starlight is a compact and powerful tablet from Apple. Featuring a stunning Retina display, powerful A-series chip, and a sleek design, it offers a premium tablet experience.",41499,48968,47,https://cdn.dummyjson.com/product-images/tablets/ipad-mini-2021-starlight/thumbnail.webp,https://cdn.dummyjson.com/product-images/tablets/ipad-mini-2021-starlight/thumbnail.webp|https://cdn.dummyjson.com/product-images/tablets/ipad-mini-2021-starlight/1.webp|https://cdn.dummyjson.com/product-images/tablets/ipad-mini-2021-starlight/2.webp|https://cdn.dummyjson.com/product-images/tablets/ipad-mini-2021-starlight/3.webp,Electronics,Apple,ELEC-0001,true,3.8,138
Samsung Galaxy Tab White,"The Samsung Galaxy Tab in White is a sleek and versatile Android tablet. With a vibrant display, long-lasting battery, and a range of features, it offers a great user experience for various tasks.",29049,34277,92,https://cdn.dummyjson.com/product-images/tablets/samsung-galaxy-tab-white/thumbnail.webp,https://cdn.dummyjson.com/product-images/tablets/samsung-galaxy-tab-white/thumbnail.webp|https://cdn.dummyjson.com/product-images/tablets/samsung-galaxy-tab-white/1.webp|https://cdn.dummyjson.com/product-images/tablets/samsung-galaxy-tab-white/2.webp|https://cdn.dummyjson.com/product-images/tablets/samsung-galaxy-tab-white/3.webp,Electronics,Samsung,ELEC-0002,true,3.8,152
Samsung Galaxy Tab S8 Plus Grey,"The Samsung Galaxy Tab S8 Plus in Grey is a high-performance Android tablet by Samsung. With a large AMOLED display, powerful processor, and S Pen support, it's ideal for productivity and entertainment.",49799,58762,62,https://cdn.dummyjson.com/product-images/tablets/samsung-galaxy-tab-s8-plus-grey/thumbnail.webp,https://cdn.dummyjson.com/product-images/tablets/samsung-galaxy-tab-s8-plus-grey/thumbnail.webp|https://cdn.dummyjson.com/product-images/tablets/samsung-galaxy-tab-s8-plus-grey/1.webp|https://cdn.dummyjson.com/product-images/tablets/samsung-galaxy-tab-s8-plus-grey/2.webp|https://cdn.dummyjson.com/product-images/tablets/samsung-galaxy-tab-s8-plus-grey/3.webp,Electronics,Samsung,ELEC-0003,true,4.7,145
Cricket Helmet,"The Cricket Helmet is a protective headgear worn by cricket players, especially batsmen and wicketkeepers. It provides protection against fast bowling and bouncers.",3734,4406,10,https://cdn.dummyjson.com/product-images/sports-accessories/cricket-helmet/thumbnail.webp,https://cdn.dummyjson.com/product-images/sports-accessories/cricket-helmet/thumbnail.webp|https://cdn.dummyjson.com/product-images/sports-accessories/cricket-helmet/1.webp|https://cdn.dummyjson.com/product-images/sports-accessories/cricket-helmet/2.webp|https://cdn.dummyjson.com/product-images/sports-accessories/cricket-helmet/3.webp,Accessories,LUXE,ACCS-0001,true,4.7,33
Oppo K1,"The Oppo K1 series offers a range of smartphones with various features and specifications. Known for their stylish design and reliable performance, the Oppo K1 series caters to diverse user preferences.",24899,29380,55,https://cdn.dummyjson.com/product-images/smartphones/oppo-k1/thumbnail.webp,https://cdn.dummyjson.com/product-images/smartphones/oppo-k1/thumbnail.webp|https://cdn.dummyjson.com/product-images/smartphones/oppo-k1/1.webp|https://cdn.dummyjson.com/product-images/smartphones/oppo-k1/2.webp|https://cdn.dummyjson.com/product-images/smartphones/oppo-k1/3.webp,Electronics,Oppo,ELEC-0004,true,4.2,414
iPhone 12 Silicone Case with MagSafe Plum,The iPhone 12 Silicone Case with MagSafe in Plum is a stylish and protective case designed for the iPhone 12. It features MagSafe technology for easy attachment of accessories.,2489,2937,69,https://cdn.dummyjson.com/product-images/mobile-accessories/iphone-12-silicone-case-with-magsafe-plum/thumbnail.webp,https://cdn.dummyjson.com/product-images/mobile-accessories/iphone-12-silicone-case-with-magsafe-plum/thumbnail.webp|https://cdn.dummyjson.com/product-images/mobile-accessories/iphone-12-silicone-case-with-magsafe-plum/1.webp|https://cdn.dummyjson.com/product-images/mobile-accessories/iphone-12-silicone-case-with-magsafe-plum/2.webp|https://cdn.dummyjson.com/product-images/mobile-accessories/iphone-12-silicone-case-with-magsafe-plum/3.webp,Electronics,Apple,ELEC-0005,true,3.8,281
Sports Sneakers Off White Red,"Another variant of the Sports Sneakers in Off White Red, featuring a unique design. These sneakers offer style and comfort for casual occasions.",9129,10772,62,https://cdn.dummyjson.com/product-images/mens-shoes/sports-sneakers-off-white-red/thumbnail.webp,https://cdn.dummyjson.com/product-images/mens-shoes/sports-sneakers-off-white-red/thumbnail.webp|https://cdn.dummyjson.com/product-images/mens-shoes/sports-sneakers-off-white-red/1.webp|https://cdn.dummyjson.com/product-images/mens-shoes/sports-sneakers-off-white-red/2.webp|https://cdn.dummyjson.com/product-images/mens-shoes/sports-sneakers-off-white-red/3.webp,Fashion,Off White,FASH-0011,true,4.7,169
Sports Sneakers Off White & Red,"The Sports Sneakers in Off White and Red combine style and functionality, making them a fashionable choice for sports enthusiasts. The red and off-white color combination adds a bold and energetic touch.",9959,11751,17,https://cdn.dummyjson.com/product-images/mens-shoes/sports-sneakers-off-white-&-red/thumbnail.webp,https://cdn.dummyjson.com/product-images/mens-shoes/sports-sneakers-off-white-&-red/thumbnail.webp|https://cdn.dummyjson.com/product-images/mens-shoes/sports-sneakers-off-white-&-red/1.webp|https://cdn.dummyjson.com/product-images/mens-shoes/sports-sneakers-off-white-&-red/2.webp|https://cdn.dummyjson.com/product-images/mens-shoes/sports-sneakers-off-white-&-red/3.webp,Fashion,Off White,FASH-0012,true,4.8,162
Puma Future Rider Trainers,"The Puma Future Rider Trainers offer a blend of retro style and modern comfort. Perfect for casual wear, these trainers provide a fashionable and comfortable option for everyday use.",7469,8813,90,https://cdn.dummyjson.com/product-images/mens-shoes/puma-future-rider-trainers/thumbnail.webp,https://cdn.dummyjson.com/product-images/mens-shoes/puma-future-rider-trainers/thumbnail.webp|https://cdn.dummyjson.com/product-images/mens-shoes/puma-future-rider-trainers/1.webp|https://cdn.dummyjson.com/product-images/mens-shoes/puma-future-rider-trainers/2.webp|https://cdn.dummyjson.com/product-images/mens-shoes/puma-future-rider-trainers/3.webp,Fashion,Puma,FASH-0013,true,4.9,155
Nike Baseball Cleats,Nike Baseball Cleats are designed for maximum traction and performance on the baseball field. They provide stability and support for players during games and practices.,6639,7834,12,https://cdn.dummyjson.com/product-images/mens-shoes/nike-baseball-cleats/thumbnail.webp,https://cdn.dummyjson.com/product-images/mens-shoes/nike-baseball-cleats/thumbnail.webp|https://cdn.dummyjson.com/product-images/mens-shoes/nike-baseball-cleats/1.webp|https://cdn.dummyjson.com/product-images/mens-shoes/nike-baseball-cleats/2.webp|https://cdn.dummyjson.com/product-images/mens-shoes/nike-baseball-cleats/3.webp,Fashion,Nike,FASH-0014,true,3.9,148
Nike Air Jordan 1 Red And Black,"The Nike Air Jordan 1 in Red and Black is an iconic basketball sneaker known for its stylish design and high-performance features, making it a favorite among sneaker enthusiasts and athletes.",12449,14689,7,https://cdn.dummyjson.com/product-images/mens-shoes/nike-air-jordan-1-red-and-black/thumbnail.webp,https://cdn.dummyjson.com/product-images/mens-shoes/nike-air-jordan-1-red-and-black/thumbnail.webp|https://cdn.dummyjson.com/product-images/mens-shoes/nike-air-jordan-1-red-and-black/1.webp|https://cdn.dummyjson.com/product-images/mens-shoes/nike-air-jordan-1-red-and-black/2.webp|https://cdn.dummyjson.com/product-images/mens-shoes/nike-air-jordan-1-red-and-black/3.webp,Fashion,Nike,FASH-0015,true,4.8,141
Men Check Shirt,"The Men Check Shirt is a classic and versatile shirt featuring a stylish check pattern. Suitable for various occasions, it adds a smart and polished touch to your wardrobe.",2323,2741,95,https://cdn.dummyjson.com/product-images/mens-shirts/men-check-shirt/thumbnail.webp,https://cdn.dummyjson.com/product-images/mens-shirts/men-check-shirt/thumbnail.webp|https://cdn.dummyjson.com/product-images/mens-shirts/men-check-shirt/1.webp|https://cdn.dummyjson.com/product-images/mens-shirts/men-check-shirt/2.webp|https://cdn.dummyjson.com/product-images/mens-shirts/men-check-shirt/3.webp,Fashion,Urban Chic,FASH-0016,true,3.8,134
Man Short Sleeve Shirt,"The Man Short Sleeve Shirt is a breezy and stylish option for warm days. With a comfortable fit and short sleeves, it's perfect for a laid-back yet polished look.",1659,1959,5,https://cdn.dummyjson.com/product-images/mens-shirts/man-short-sleeve-shirt/thumbnail.webp,https://cdn.dummyjson.com/product-images/mens-shirts/man-short-sleeve-shirt/thumbnail.webp|https://cdn.dummyjson.com/product-images/mens-shirts/man-short-sleeve-shirt/1.webp|https://cdn.dummyjson.com/product-images/mens-shirts/man-short-sleeve-shirt/2.webp|https://cdn.dummyjson.com/product-images/mens-shirts/man-short-sleeve-shirt/3.webp,Fashion,Casual Comfort,FASH-0017,true,3.8,127
Man Plaid Shirt,The Man Plaid Shirt is a timeless and versatile men's shirt with a classic plaid pattern. Its comfortable fit and casual style make it a wardrobe essential for various occasions.,2904,3426,82,https://cdn.dummyjson.com/product-images/mens-shirts/man-plaid-shirt/thumbnail.webp,https://cdn.dummyjson.com/product-images/mens-shirts/man-plaid-shirt/thumbnail.webp|https://cdn.dummyjson.com/product-images/mens-shirts/man-plaid-shirt/1.webp|https://cdn.dummyjson.com/product-images/mens-shirts/man-plaid-shirt/2.webp|https://cdn.dummyjson.com/product-images/mens-shirts/man-plaid-shirt/3.webp,Fashion,Classic Wear,FASH-0018,true,3.8,120
Gigabyte Aorus Men Tshirt,"The Gigabyte Aorus Men Tshirt is a cool and casual shirt for gaming enthusiasts. With the Aorus logo and sleek design, it's perfect for expressing your gaming style.",2074,2447,90,https://cdn.dummyjson.com/product-images/mens-shirts/gigabyte-aorus-men-tshirt/thumbnail.webp,https://cdn.dummyjson.com/product-images/mens-shirts/gigabyte-aorus-men-tshirt/thumbnail.webp|https://cdn.dummyjson.com/product-images/mens-shirts/gigabyte-aorus-men-tshirt/1.webp|https://cdn.dummyjson.com/product-images/mens-shirts/gigabyte-aorus-men-tshirt/2.webp|https://cdn.dummyjson.com/product-images/mens-shirts/gigabyte-aorus-men-tshirt/3.webp,Fashion,Gigabyte,FASH-0019,true,3.8,113
Blue & Black Check Shirt,"The Blue & Black Check Shirt is a stylish and comfortable men's shirt featuring a classic check pattern. Made from high-quality fabric, it's suitable for both casual and semi-formal occasions.",2489,2937,38,https://cdn.dummyjson.com/product-images/mens-shirts/blue-&-black-check-shirt/thumbnail.webp,https://cdn.dummyjson.com/product-images/mens-shirts/blue-&-black-check-shirt/thumbnail.webp|https://cdn.dummyjson.com/product-images/mens-shirts/blue-&-black-check-shirt/1.webp|https://cdn.dummyjson.com/product-images/mens-shirts/blue-&-black-check-shirt/2.webp|https://cdn.dummyjson.com/product-images/mens-shirts/blue-&-black-check-shirt/3.webp,Fashion,Fashion Trends,FASH-0020,true,3.8,106
Microwave Oven,"The Microwave Oven is a versatile kitchen appliance for quick and efficient cooking, reheating, and defrosting. Its compact size makes it suitable for various kitchen setups.",7469,8813,59,https://cdn.dummyjson.com/product-images/kitchen-accessories/microwave-oven/thumbnail.webp,https://cdn.dummyjson.com/product-images/kitchen-accessories/microwave-oven/thumbnail.webp|https://cdn.dummyjson.com/product-images/kitchen-accessories/microwave-oven/1.webp|https://cdn.dummyjson.com/product-images/kitchen-accessories/microwave-oven/2.webp|https://cdn.dummyjson.com/product-images/kitchen-accessories/microwave-oven/3.webp,Home,LUXE,HOME-0001,true,4.8,487
Electric Stove,The Electric Stove provides a portable and efficient cooking solution. Ideal for small kitchens or as an additional cooking surface for various culinary needs.,4149,4895,21,https://cdn.dummyjson.com/product-images/kitchen-accessories/electric-stove/thumbnail.webp,https://cdn.dummyjson.com/product-images/kitchen-accessories/electric-stove/thumbnail.webp|https://cdn.dummyjson.com/product-images/kitchen-accessories/electric-stove/1.webp|https://cdn.dummyjson.com/product-images/kitchen-accessories/electric-stove/2.webp|https://cdn.dummyjson.com/product-images/kitchen-accessories/electric-stove/3.webp,Home,LUXE,HOME-0002,true,4.1,417
Boxed Blender,"The Boxed Blender is a powerful and compact blender perfect for smoothies, shakes, and more. Its convenient design and multiple functions make it a versatile kitchen appliance.",3319,3916,9,https://cdn.dummyjson.com/product-images/kitchen-accessories/boxed-blender/thumbnail.webp,https://cdn.dummyjson.com/product-images/kitchen-accessories/boxed-blender/thumbnail.webp|https://cdn.dummyjson.com/product-images/kitchen-accessories/boxed-blender/1.webp|https://cdn.dummyjson.com/product-images/kitchen-accessories/boxed-blender/2.webp|https://cdn.dummyjson.com/product-images/kitchen-accessories/boxed-blender/3.webp,Home,LUXE,HOME-0003,true,4.6,382
Plant Pot,"The Plant Pot is a stylish container for your favorite plants. With a sleek design, it complements your indoor or outdoor garden, adding a modern touch to your plant display.",1244,1544,59,https://cdn.dummyjson.com/product-images/home-decoration/plant-pot/thumbnail.webp,https://cdn.dummyjson.com/product-images/home-decoration/plant-pot/thumbnail.webp|https://cdn.dummyjson.com/product-images/home-decoration/plant-pot/1.webp|https://cdn.dummyjson.com/product-images/home-decoration/plant-pot/2.webp|https://cdn.dummyjson.com/product-images/home-decoration/plant-pot/3.webp,Home,LUXE,HOME-0004,true,3.8,347
Women's Wrist Watch,"The Women's Wrist Watch is a versatile and fashionable timepiece for everyday wear. With a comfortable strap and a simple yet elegant design, it complements various styles.",10789,12731,12,https://cdn.dummyjson.com/product-images/womens-watches/women's-wrist-watch/thumbnail.webp,https://cdn.dummyjson.com/product-images/womens-watches/women's-wrist-watch/thumbnail.webp|https://cdn.dummyjson.com/product-images/womens-watches/women's-wrist-watch/1.webp|https://cdn.dummyjson.com/product-images/womens-watches/women's-wrist-watch/2.webp|https://cdn.dummyjson.com/product-images/womens-watches/women's-wrist-watch/3.webp,Accessories,Fashion Co.,ACCS-0002,true,3.8,383
Watch Gold for Women,"The Gold Women's Watch is a stunning accessory that combines luxury and style. Featuring a gold-plated case and a chic design, it adds a touch of glamour to any outfit.",66399,78350,5,https://cdn.dummyjson.com/product-images/womens-watches/watch-gold-for-women/thumbnail.webp,https://cdn.dummyjson.com/product-images/womens-watches/watch-gold-for-women/thumbnail.webp|https://cdn.dummyjson.com/product-images/womens-watches/watch-gold-for-women/1.webp|https://cdn.dummyjson.com/product-images/womens-watches/watch-gold-for-women/2.webp|https://cdn.dummyjson.com/product-images/womens-watches/watch-gold-for-women/3.webp,Accessories,Fashion Gold,ACCS-0003,true,4.2,376
Rolex Datejust Women,"The Rolex Datejust Women's watch is an iconic timepiece designed for women. With a timeless design and a date complication, it offers both elegance and functionality.",912999,1077338,5,https://cdn.dummyjson.com/product-images/womens-watches/rolex-datejust-women/thumbnail.webp,https://cdn.dummyjson.com/product-images/womens-watches/rolex-datejust-women/thumbnail.webp|https://cdn.dummyjson.com/product-images/womens-watches/rolex-datejust-women/1.webp|https://cdn.dummyjson.com/product-images/womens-watches/rolex-datejust-women/2.webp|https://cdn.dummyjson.com/product-images/womens-watches/rolex-datejust-women/3.webp,Accessories,Rolex,ACCS-0004,true,3.8,369
Rolex Cellini Moonphase,"The Rolex Cellini Moonphase watch is a masterpiece of horology. Featuring a moon phase complication, it showcases the craftsmanship and elegance that Rolex is renowned for.",1327999,1567038,52,https://cdn.dummyjson.com/product-images/womens-watches/rolex-cellini-moonphase/thumbnail.webp,https://cdn.dummyjson.com/product-images/womens-watches/rolex-cellini-moonphase/thumbnail.webp|https://cdn.dummyjson.com/product-images/womens-watches/rolex-cellini-moonphase/1.webp|https://cdn.dummyjson.com/product-images/womens-watches/rolex-cellini-moonphase/2.webp|https://cdn.dummyjson.com/product-images/womens-watches/rolex-cellini-moonphase/3.webp,Accessories,Rolex,ACCS-0005,true,3.8,362
IWC Ingenieur Automatic Steel,"The IWC Ingenieur Automatic Steel watch is a durable and sophisticated timepiece. With a stainless steel case and automatic movement, it combines precision and style for watch enthusiasts.",414999,489698,90,https://cdn.dummyjson.com/product-images/womens-watches/iwc-ingenieur-automatic-steel/thumbnail.webp,https://cdn.dummyjson.com/product-images/womens-watches/iwc-ingenieur-automatic-steel/thumbnail.webp|https://cdn.dummyjson.com/product-images/womens-watches/iwc-ingenieur-automatic-steel/1.webp|https://cdn.dummyjson.com/product-images/womens-watches/iwc-ingenieur-automatic-steel/2.webp|https://cdn.dummyjson.com/product-images/womens-watches/iwc-ingenieur-automatic-steel/3.webp,Accessories,IWC,ACCS-0006,true,3.8,355
Tropical Earring,"The Tropical Earring is a fun and playful accessory inspired by tropical elements. Featuring vibrant colors and a lively design, it's perfect for adding a touch of summer to your look.",1659,1959,5,https://cdn.dummyjson.com/product-images/womens-jewellery/tropical-earring/thumbnail.webp,https://cdn.dummyjson.com/product-images/womens-jewellery/tropical-earring/thumbnail.webp|https://cdn.dummyjson.com/product-images/womens-jewellery/tropical-earring/1.webp|https://cdn.dummyjson.com/product-images/womens-jewellery/tropical-earring/2.webp|https://cdn.dummyjson.com/product-images/womens-jewellery/tropical-earring/3.webp,Jewelry,LUXE,JEWL-0001,true,4.4,313
Green Oval Earring,"The Green Oval Earring is a stylish and versatile accessory with a unique oval shape. Whether for casual or dressy occasions, its green hue and contemporary design make it a standout piece.",2074,2447,73,https://cdn.dummyjson.com/product-images/womens-jewellery/green-oval-earring/thumbnail.webp,https://cdn.dummyjson.com/product-images/womens-jewellery/green-oval-earring/thumbnail.webp|https://cdn.dummyjson.com/product-images/womens-jewellery/green-oval-earring/1.webp|https://cdn.dummyjson.com/product-images/womens-jewellery/green-oval-earring/2.webp|https://cdn.dummyjson.com/product-images/womens-jewellery/green-oval-earring/3.webp,Jewelry,LUXE,JEWL-0002,true,3.8,306
Green Crystal Earring,"The Green Crystal Earring is a dazzling accessory that features a vibrant green crystal. With a classic design, it adds a touch of elegance to your ensemble, perfect for formal or special occasions.",2489,2937,54,https://cdn.dummyjson.com/product-images/womens-jewellery/green-crystal-earring/thumbnail.webp,https://cdn.dummyjson.com/product-images/womens-jewellery/green-crystal-earring/thumbnail.webp|https://cdn.dummyjson.com/product-images/womens-jewellery/green-crystal-earring/1.webp|https://cdn.dummyjson.com/product-images/womens-jewellery/green-crystal-earring/2.webp|https://cdn.dummyjson.com/product-images/womens-jewellery/green-crystal-earring/3.webp,Jewelry,LUXE,JEWL-0003,true,4.0,299
Women Handbag Black,"The Women Handbag in Black is a classic and versatile accessory that complements various outfits. With a timeless black color and functional design, it's a must-have in every woman's wardrobe.",4979,5875,11,https://cdn.dummyjson.com/product-images/womens-bags/women-handbag-black/thumbnail.webp,https://cdn.dummyjson.com/product-images/womens-bags/women-handbag-black/thumbnail.webp|https://cdn.dummyjson.com/product-images/womens-bags/women-handbag-black/1.webp|https://cdn.dummyjson.com/product-images/womens-bags/women-handbag-black/2.webp|https://cdn.dummyjson.com/product-images/womens-bags/women-handbag-black/3.webp,Accessories,Elegance Collection,ACCS-0007,true,3.8,257
White Faux Leather Backpack,"The White Faux Leather Backpack is a trendy and practical backpack for the modern woman. With a sleek white design and ample storage space, it's perfect for both casual and on-the-go styles.",3319,3916,39,https://cdn.dummyjson.com/product-images/womens-bags/white-faux-leather-backpack/thumbnail.webp,https://cdn.dummyjson.com/product-images/womens-bags/white-faux-leather-backpack/thumbnail.webp|https://cdn.dummyjson.com/product-images/womens-bags/white-faux-leather-backpack/1.webp|https://cdn.dummyjson.com/product-images/womens-bags/white-faux-leather-backpack/2.webp|https://cdn.dummyjson.com/product-images/womens-bags/white-faux-leather-backpack/3.webp,Accessories,Urban Chic,ACCS-0008,true,3.8,250
Prada Women Bag,"The Prada Women Bag is an iconic designer bag that exudes elegance and luxury. Crafted with precision and featuring the Prada logo, it's a statement piece for fashion enthusiasts.",49799,58762,75,https://cdn.dummyjson.com/product-images/womens-bags/prada-women-bag/thumbnail.webp,https://cdn.dummyjson.com/product-images/womens-bags/prada-women-bag/thumbnail.webp|https://cdn.dummyjson.com/product-images/womens-bags/prada-women-bag/1.webp|https://cdn.dummyjson.com/product-images/womens-bags/prada-women-bag/2.webp|https://cdn.dummyjson.com/product-images/womens-bags/prada-women-bag/3.webp,Accessories,Prada,ACCS-0009,true,3.8,243
Heshe Women's Leather Bag,"The Heshe Women's Leather Bag is a luxurious and high-quality leather bag for the sophisticated woman. With a timeless design and durable craftsmanship, it's a versatile accessory.",10789,12731,99,https://cdn.dummyjson.com/product-images/womens-bags/heshe-women's-leather-bag/thumbnail.webp,https://cdn.dummyjson.com/product-images/womens-bags/heshe-women's-leather-bag/thumbnail.webp|https://cdn.dummyjson.com/product-images/womens-bags/heshe-women's-leather-bag/1.webp|https://cdn.dummyjson.com/product-images/womens-bags/heshe-women's-leather-bag/2.webp|https://cdn.dummyjson.com/product-images/womens-bags/heshe-women's-leather-bag/3.webp,Accessories,Heshe,ACCS-0010,true,4.9,236
Blue Women's Handbag,"The Blue Women's Handbag is a stylish and spacious accessory for everyday use. With a vibrant blue color and multiple compartments, it combines fashion and functionality.",4149,4895,76,https://cdn.dummyjson.com/product-images/womens-bags/blue-women's-handbag/thumbnail.webp,https://cdn.dummyjson.com/product-images/womens-bags/blue-women's-handbag/thumbnail.webp|https://cdn.dummyjson.com/product-images/womens-bags/blue-women's-handbag/1.webp|https://cdn.dummyjson.com/product-images/womens-bags/blue-women's-handbag/2.webp|https://cdn.dummyjson.com/product-images/womens-bags/blue-women's-handbag/3.webp,Accessories,Fashionista,ACCS-0011,true,3.8,229
Sunglasses,The Sunglasses offer a classic and simple design with a focus on functionality. These sunglasses provide essential UV protection while maintaining a timeless look.,1908,2251,27,https://cdn.dummyjson.com/product-images/sunglasses/sunglasses/thumbnail.webp,https://cdn.dummyjson.com/product-images/sunglasses/sunglasses/thumbnail.webp|https://cdn.dummyjson.com/product-images/sunglasses/sunglasses/1.webp|https://cdn.dummyjson.com/product-images/sunglasses/sunglasses/2.webp|https://cdn.dummyjson.com/product-images/sunglasses/sunglasses/3.webp,Accessories,Fashion Shades,ACCS-0012,true,3.8,131
Party Glasses,"The Party Glasses are designed to add flair to your party outfit. With unique shapes or colorful frames, they're perfect for adding a playful touch to your look during celebrations.",1659,1959,86,https://cdn.dummyjson.com/product-images/sunglasses/party-glasses/thumbnail.webp,https://cdn.dummyjson.com/product-images/sunglasses/party-glasses/thumbnail.webp|https://cdn.dummyjson.com/product-images/sunglasses/party-glasses/1.webp|https://cdn.dummyjson.com/product-images/sunglasses/party-glasses/2.webp|https://cdn.dummyjson.com/product-images/sunglasses/party-glasses/3.webp,Accessories,Fashion Fun,ACCS-0013,true,3.8,124
Green and Black Glasses,"The Green and Black Glasses feature a bold combination of green and black colors, adding a touch of vibrancy to your eyewear collection. They are both stylish and eye-catching.",2904,3426,24,https://cdn.dummyjson.com/product-images/sunglasses/green-and-black-glasses/thumbnail.webp,https://cdn.dummyjson.com/product-images/sunglasses/green-and-black-glasses/thumbnail.webp|https://cdn.dummyjson.com/product-images/sunglasses/green-and-black-glasses/1.webp|https://cdn.dummyjson.com/product-images/sunglasses/green-and-black-glasses/2.webp|https://cdn.dummyjson.com/product-images/sunglasses/green-and-black-glasses/3.webp,Accessories,Fashion Shades,ACCS-0014,true,4.5,117
Classic Sun Glasses,The Classic Sun Glasses offer a timeless design with a neutral frame and UV-protected lenses. These sunglasses are versatile and suitable for various occasions.,2074,2447,5,https://cdn.dummyjson.com/product-images/sunglasses/classic-sun-glasses/thumbnail.webp,https://cdn.dummyjson.com/product-images/sunglasses/classic-sun-glasses/thumbnail.webp|https://cdn.dummyjson.com/product-images/sunglasses/classic-sun-glasses/1.webp|https://cdn.dummyjson.com/product-images/sunglasses/classic-sun-glasses/2.webp|https://cdn.dummyjson.com/product-images/sunglasses/classic-sun-glasses/3.webp,Accessories,Fashion Shades,ACCS-0015,true,3.9,110
Black Sun Glasses,"The Black Sun Glasses are a classic and stylish choice, featuring a sleek black frame and tinted lenses. They provide both UV protection and a fashionable look.",2489,2937,60,https://cdn.dummyjson.com/product-images/sunglasses/black-sun-glasses/thumbnail.webp,https://cdn.dummyjson.com/product-images/sunglasses/black-sun-glasses/thumbnail.webp|https://cdn.dummyjson.com/product-images/sunglasses/black-sun-glasses/1.webp|https://cdn.dummyjson.com/product-images/sunglasses/black-sun-glasses/2.webp|https://cdn.dummyjson.com/product-images/sunglasses/black-sun-glasses/3.webp,Accessories,Fashion Shades,ACCS-0016,true,4.4,103
Baseball Glove,"The Baseball Glove is a protective glove worn by baseball players. It is designed to catch and field the baseball, providing players with comfort and control during the game.",2074,2447,22,https://cdn.dummyjson.com/product-images/sports-accessories/baseball-glove/thumbnail.webp,https://cdn.dummyjson.com/product-images/sports-accessories/baseball-glove/thumbnail.webp|https://cdn.dummyjson.com/product-images/sports-accessories/baseball-glove/1.webp|https://cdn.dummyjson.com/product-images/sports-accessories/baseball-glove/2.webp|https://cdn.dummyjson.com/product-images/sports-accessories/baseball-glove/3.webp,Accessories,LUXE,ACCS-0017,true,4.0,498
iPhone X,"The iPhone X is a flagship smartphone featuring a bezel-less OLED display, facial recognition technology (Face ID), and impressive performance. It represents a milestone in iPhone design and innovation.",74699,88144,37,https://cdn.dummyjson.com/product-images/smartphones/iphone-x/thumbnail.webp,https://cdn.dummyjson.com/product-images/smartphones/iphone-x/thumbnail.webp|https://cdn.dummyjson.com/product-images/smartphones/iphone-x/1.webp|https://cdn.dummyjson.com/product-images/smartphones/iphone-x/2.webp|https://cdn.dummyjson.com/product-images/smartphones/iphone-x/3.webp,Electronics,Apple,ELEC-0006,true,3.8,393
iPhone 6,"The iPhone 6 is a stylish and capable smartphone with a larger display and improved performance. It introduced new features and design elements, making it a popular choice in its time.",24899,29380,60,https://cdn.dummyjson.com/product-images/smartphones/iphone-6/thumbnail.webp,https://cdn.dummyjson.com/product-images/smartphones/iphone-6/thumbnail.webp|https://cdn.dummyjson.com/product-images/smartphones/iphone-6/1.webp|https://cdn.dummyjson.com/product-images/smartphones/iphone-6/2.webp|https://cdn.dummyjson.com/product-images/smartphones/iphone-6/3.webp,Electronics,Apple,ELEC-0007,true,3.8,379
iPhone 5s,"The iPhone 5s is a classic smartphone known for its compact design and advanced features during its release. While it's an older model, it still provides a reliable user experience.",16599,19586,25,https://cdn.dummyjson.com/product-images/smartphones/iphone-5s/thumbnail.webp,https://cdn.dummyjson.com/product-images/smartphones/iphone-5s/thumbnail.webp|https://cdn.dummyjson.com/product-images/smartphones/iphone-5s/1.webp|https://cdn.dummyjson.com/product-images/smartphones/iphone-5s/2.webp|https://cdn.dummyjson.com/product-images/smartphones/iphone-5s/3.webp,Electronics,Apple,ELEC-0008,true,3.8,372
iPhone 13 Pro,"The iPhone 13 Pro is a cutting-edge smartphone with a powerful camera system, high-performance chip, and stunning display. It offers advanced features for users who demand top-notch technology.",91299,107732,56,https://cdn.dummyjson.com/product-images/smartphones/iphone-13-pro/thumbnail.webp,https://cdn.dummyjson.com/product-images/smartphones/iphone-13-pro/thumbnail.webp|https://cdn.dummyjson.com/product-images/smartphones/iphone-13-pro/1.webp|https://cdn.dummyjson.com/product-images/smartphones/iphone-13-pro/2.webp|https://cdn.dummyjson.com/product-images/smartphones/iphone-13-pro/3.webp,Electronics,Apple,ELEC-0009,true,4.1,386
Vivo X21,"The Vivo X21 is a premium smartphone with a focus on cutting-edge technology. It features an in-display fingerprint sensor, a high-resolution display, and advanced camera capabilities.",41499,48968,7,https://cdn.dummyjson.com/product-images/smartphones/vivo-x21/thumbnail.webp,https://cdn.dummyjson.com/product-images/smartphones/vivo-x21/thumbnail.webp|https://cdn.dummyjson.com/product-images/smartphones/vivo-x21/1.webp|https://cdn.dummyjson.com/product-images/smartphones/vivo-x21/2.webp|https://cdn.dummyjson.com/product-images/smartphones/vivo-x21/3.webp,Electronics,Vivo,ELEC-0010,true,4.3,477
Vivo V9,"The Vivo V9 is a smartphone known for its sleek design and emphasis on capturing high-quality selfies. It features a notch display, dual-camera setup, and a modern design.",24899,29380,82,https://cdn.dummyjson.com/product-images/smartphones/vivo-v9/thumbnail.webp,https://cdn.dummyjson.com/product-images/smartphones/vivo-v9/thumbnail.webp|https://cdn.dummyjson.com/product-images/smartphones/vivo-v9/1.webp|https://cdn.dummyjson.com/product-images/smartphones/vivo-v9/2.webp|https://cdn.dummyjson.com/product-images/smartphones/vivo-v9/3.webp,Electronics,Vivo,ELEC-0011,true,3.8,470
Vivo S1,"The Vivo S1 is a stylish and mid-range smartphone offering a blend of design and performance. It features a vibrant display, capable camera system, and reliable functionality.",20749,24483,50,https://cdn.dummyjson.com/product-images/smartphones/vivo-s1/thumbnail.webp,https://cdn.dummyjson.com/product-images/smartphones/vivo-s1/thumbnail.webp|https://cdn.dummyjson.com/product-images/smartphones/vivo-s1/1.webp|https://cdn.dummyjson.com/product-images/smartphones/vivo-s1/2.webp|https://cdn.dummyjson.com/product-images/smartphones/vivo-s1/3.webp,Electronics,Vivo,ELEC-0012,true,3.8,463
Samsung Galaxy S8,"The Samsung Galaxy S8 is a premium smartphone with an Infinity Display, offering a stunning visual experience. It boasts advanced camera capabilities and cutting-edge technology.",41499,48968,5,https://cdn.dummyjson.com/product-images/smartphones/samsung-galaxy-s8/thumbnail.webp,https://cdn.dummyjson.com/product-images/smartphones/samsung-galaxy-s8/thumbnail.webp|https://cdn.dummyjson.com/product-images/smartphones/samsung-galaxy-s8/1.webp|https://cdn.dummyjson.com/product-images/smartphones/samsung-galaxy-s8/2.webp|https://cdn.dummyjson.com/product-images/smartphones/samsung-galaxy-s8/3.webp,Electronics,Samsung,ELEC-0013,true,4.4,449
Samsung Galaxy S7,"The Samsung Galaxy S7 is a flagship smartphone known for its sleek design and advanced features. It features a high-resolution display, powerful camera, and robust performance.",24899,29380,67,https://cdn.dummyjson.com/product-images/smartphones/samsung-galaxy-s7/thumbnail.webp,https://cdn.dummyjson.com/product-images/smartphones/samsung-galaxy-s7/thumbnail.webp|https://cdn.dummyjson.com/product-images/smartphones/samsung-galaxy-s7/1.webp|https://cdn.dummyjson.com/product-images/smartphones/samsung-galaxy-s7/2.webp|https://cdn.dummyjson.com/product-images/smartphones/samsung-galaxy-s7/3.webp,Electronics,Samsung,ELEC-0014,true,3.8,442
Samsung Galaxy S10,"The Samsung Galaxy S10 is a flagship device featuring a dynamic AMOLED display, versatile camera system, and powerful performance. It represents innovation and excellence in smartphone technology.",58099,68556,19,https://cdn.dummyjson.com/product-images/smartphones/samsung-galaxy-s10/thumbnail.webp,https://cdn.dummyjson.com/product-images/smartphones/samsung-galaxy-s10/thumbnail.webp|https://cdn.dummyjson.com/product-images/smartphones/samsung-galaxy-s10/1.webp|https://cdn.dummyjson.com/product-images/smartphones/samsung-galaxy-s10/2.webp|https://cdn.dummyjson.com/product-images/smartphones/samsung-galaxy-s10/3.webp,Electronics,Samsung,ELEC-0015,true,3.8,456
Realme XT,"The Realme XT is a feature-rich smartphone with a focus on camera technology. It comes equipped with advanced camera sensors, delivering high-quality photos and videos for photography enthusiasts.",29049,34277,80,https://cdn.dummyjson.com/product-images/smartphones/realme-xt/thumbnail.webp,https://cdn.dummyjson.com/product-images/smartphones/realme-xt/thumbnail.webp|https://cdn.dummyjson.com/product-images/smartphones/realme-xt/1.webp|https://cdn.dummyjson.com/product-images/smartphones/realme-xt/2.webp|https://cdn.dummyjson.com/product-images/smartphones/realme-xt/3.webp,Electronics,Realme,ELEC-0016,true,4.6,435
Realme X,The Realme X is a mid-range smartphone known for its sleek design and impressive display. It offers a good balance of performance and camera capabilities for users seeking a quality device.,24899,29380,12,https://cdn.dummyjson.com/product-images/smartphones/realme-x/thumbnail.webp,https://cdn.dummyjson.com/product-images/smartphones/realme-x/thumbnail.webp|https://cdn.dummyjson.com/product-images/smartphones/realme-x/1.webp|https://cdn.dummyjson.com/product-images/smartphones/realme-x/2.webp|https://cdn.dummyjson.com/product-images/smartphones/realme-x/3.webp,Electronics,Realme,ELEC-0017,true,3.8,428
Realme C35,The Realme C35 is a budget-friendly smartphone with a focus on providing essential features for everyday use. It offers a reliable performance and user-friendly experience.,12449,14689,48,https://cdn.dummyjson.com/product-images/smartphones/realme-c35/thumbnail.webp,https://cdn.dummyjson.com/product-images/smartphones/realme-c35/thumbnail.webp|https://cdn.dummyjson.com/product-images/smartphones/realme-c35/1.webp|https://cdn.dummyjson.com/product-images/smartphones/realme-c35/2.webp|https://cdn.dummyjson.com/product-images/smartphones/realme-c35/3.webp,Electronics,Realme,ELEC-0018,true,4.2,421
Oppo F19 Pro Plus,The Oppo F19 Pro Plus is a feature-rich smartphone with a focus on camera capabilities. It boasts advanced photography features and a powerful performance for a premium user experience.,33199,39174,78,https://cdn.dummyjson.com/product-images/smartphones/oppo-f19-pro-plus/thumbnail.webp,https://cdn.dummyjson.com/product-images/smartphones/oppo-f19-pro-plus/thumbnail.webp|https://cdn.dummyjson.com/product-images/smartphones/oppo-f19-pro-plus/1.webp|https://cdn.dummyjson.com/product-images/smartphones/oppo-f19-pro-plus/2.webp|https://cdn.dummyjson.com/product-images/smartphones/oppo-f19-pro-plus/3.webp,Electronics,Oppo,ELEC-0019,true,3.8,407
Oppo A57,"The Oppo A57 is a mid-range smartphone known for its sleek design and capable features. It offers a balance of performance and affordability, making it a popular choice.",20749,24483,19,https://cdn.dummyjson.com/product-images/smartphones/oppo-a57/thumbnail.webp,https://cdn.dummyjson.com/product-images/smartphones/oppo-a57/thumbnail.webp|https://cdn.dummyjson.com/product-images/smartphones/oppo-a57/1.webp|https://cdn.dummyjson.com/product-images/smartphones/oppo-a57/2.webp|https://cdn.dummyjson.com/product-images/smartphones/oppo-a57/3.webp,Electronics,Oppo,ELEC-0020,true,3.9,400
Vaseline Men Body and Face Lotion,Vaseline Men Body and Face Lotion is a specially formulated lotion designed to provide long-lasting moisture to men's skin. It absorbs quickly and helps keep the skin hydrated and healthy.,829,1129,95,https://cdn.dummyjson.com/product-images/skin-care/vaseline-men-body-and-face-lotion/thumbnail.webp,https://cdn.dummyjson.com/product-images/skin-care/vaseline-men-body-and-face-lotion/thumbnail.webp|https://cdn.dummyjson.com/product-images/skin-care/vaseline-men-body-and-face-lotion/1.webp|https://cdn.dummyjson.com/product-images/skin-care/vaseline-men-body-and-face-lotion/2.webp|https://cdn.dummyjson.com/product-images/skin-care/vaseline-men-body-and-face-lotion/3.webp,Beauty,Vaseline,BEAU-0001,true,3.8,365
Olay Ultra Moisture Shea Butter Body Wash,Olay Ultra Moisture Shea Butter Body Wash is a luxurious body wash that hydrates and nourishes your skin with the moisturizing power of shea butter. Enjoy a rich lather and silky-smooth skin.,1078,1378,34,https://cdn.dummyjson.com/product-images/skin-care/olay-ultra-moisture-shea-butter-body-wash/thumbnail.webp,https://cdn.dummyjson.com/product-images/skin-care/olay-ultra-moisture-shea-butter-body-wash/thumbnail.webp|https://cdn.dummyjson.com/product-images/skin-care/olay-ultra-moisture-shea-butter-body-wash/1.webp|https://cdn.dummyjson.com/product-images/skin-care/olay-ultra-moisture-shea-butter-body-wash/2.webp|https://cdn.dummyjson.com/product-images/skin-care/olay-ultra-moisture-shea-butter-body-wash/3.webp,Beauty,Olay,BEAU-0002,true,4.5,358
Attitude Super Leaves Hand Soap,"Attitude Super Leaves Hand Soap is a natural and nourishing hand soap enriched with the goodness of super leaves. It cleanses and moisturizes your hands, leaving them feeling fresh and soft.",746,1046,94,https://cdn.dummyjson.com/product-images/skin-care/attitude-super-leaves-hand-soap/thumbnail.webp,https://cdn.dummyjson.com/product-images/skin-care/attitude-super-leaves-hand-soap/thumbnail.webp|https://cdn.dummyjson.com/product-images/skin-care/attitude-super-leaves-hand-soap/1.webp|https://cdn.dummyjson.com/product-images/skin-care/attitude-super-leaves-hand-soap/2.webp|https://cdn.dummyjson.com/product-images/skin-care/attitude-super-leaves-hand-soap/3.webp,Beauty,Attitude,BEAU-0003,true,3.8,351
Apple Watch Series 4 Gold,"The Apple Watch Series 4 in Gold is a stylish and advanced smartwatch with features like heart rate monitoring, fitness tracking, and a beautiful Retina display.",29049,34277,33,https://cdn.dummyjson.com/product-images/mobile-accessories/apple-watch-series-4-gold/thumbnail.webp,https://cdn.dummyjson.com/product-images/mobile-accessories/apple-watch-series-4-gold/thumbnail.webp|https://cdn.dummyjson.com/product-images/mobile-accessories/apple-watch-series-4-gold/1.webp|https://cdn.dummyjson.com/product-images/mobile-accessories/apple-watch-series-4-gold/2.webp|https://cdn.dummyjson.com/product-images/mobile-accessories/apple-watch-series-4-gold/3.webp,Electronics,Apple,ELEC-0021,true,3.8,267
Apple Airpods,"The Apple Airpods offer a seamless wireless audio experience. With easy pairing, high-quality sound, and Siri integration, they are perfect for on-the-go listening.",10789,12731,67,https://cdn.dummyjson.com/product-images/mobile-accessories/apple-airpods/thumbnail.webp,https://cdn.dummyjson.com/product-images/mobile-accessories/apple-airpods/thumbnail.webp|https://cdn.dummyjson.com/product-images/mobile-accessories/apple-airpods/1.webp|https://cdn.dummyjson.com/product-images/mobile-accessories/apple-airpods/2.webp|https://cdn.dummyjson.com/product-images/mobile-accessories/apple-airpods/3.webp,Electronics,Apple,ELEC-0022,true,4.2,225
Rolex Submariner Watch,"The Rolex Submariner is a legendary dive watch with a rich history. Known for its durability and water resistance, it's a symbol of adventure and exploration.",1161999,1371158,55,https://cdn.dummyjson.com/product-images/mens-watches/rolex-submariner-watch/thumbnail.webp,https://cdn.dummyjson.com/product-images/mens-watches/rolex-submariner-watch/thumbnail.webp|https://cdn.dummyjson.com/product-images/mens-watches/rolex-submariner-watch/1.webp|https://cdn.dummyjson.com/product-images/mens-watches/rolex-submariner-watch/2.webp|https://cdn.dummyjson.com/product-images/mens-watches/rolex-submariner-watch/3.webp,Accessories,Rolex,ACCS-0018,true,3.8,211
Rolex Datejust,"The Rolex Datejust is an iconic and versatile timepiece with a date window. Known for its timeless design and reliability, it's a symbol of Rolex's watchmaking excellence.",912999,1077338,86,https://cdn.dummyjson.com/product-images/mens-watches/rolex-datejust/thumbnail.webp,https://cdn.dummyjson.com/product-images/mens-watches/rolex-datejust/thumbnail.webp|https://cdn.dummyjson.com/product-images/mens-watches/rolex-datejust/1.webp|https://cdn.dummyjson.com/product-images/mens-watches/rolex-datejust/2.webp|https://cdn.dummyjson.com/product-images/mens-watches/rolex-datejust/3.webp,Accessories,Rolex,ACCS-0019,true,3.8,204
Rolex Cellini Moonphase,"The Rolex Cellini Moonphase is a masterpiece of horology, featuring a moon phase complication and exquisite design. It reflects Rolex's commitment to precision and elegance.",1078999,1273218,36,https://cdn.dummyjson.com/product-images/mens-watches/rolex-cellini-moonphase/thumbnail.webp,https://cdn.dummyjson.com/product-images/mens-watches/rolex-cellini-moonphase/thumbnail.webp|https://cdn.dummyjson.com/product-images/mens-watches/rolex-cellini-moonphase/1.webp|https://cdn.dummyjson.com/product-images/mens-watches/rolex-cellini-moonphase/2.webp|https://cdn.dummyjson.com/product-images/mens-watches/rolex-cellini-moonphase/3.webp,Accessories,Rolex,ACCS-0020,true,3.8,197
Rolex Cellini Date Black Dial,"The Rolex Cellini Date with Black Dial is a classic and prestigious watch. With a black dial and date complication, it exudes sophistication and is a symbol of Rolex's heritage.",746999,881458,40,https://cdn.dummyjson.com/product-images/mens-watches/rolex-cellini-date-black-dial/thumbnail.webp,https://cdn.dummyjson.com/product-images/mens-watches/rolex-cellini-date-black-dial/thumbnail.webp|https://cdn.dummyjson.com/product-images/mens-watches/rolex-cellini-date-black-dial/1.webp|https://cdn.dummyjson.com/product-images/mens-watches/rolex-cellini-date-black-dial/2.webp|https://cdn.dummyjson.com/product-images/mens-watches/rolex-cellini-date-black-dial/3.webp,Accessories,Rolex,ACCS-0021,true,5.0,190
Longines Master Collection,"The Longines Master Collection is an elegant and refined watch known for its precision and craftsmanship. With a timeless design, it's a symbol of luxury and sophistication.",124499,146908,100,https://cdn.dummyjson.com/product-images/mens-watches/longines-master-collection/thumbnail.webp,https://cdn.dummyjson.com/product-images/mens-watches/longines-master-collection/thumbnail.webp|https://cdn.dummyjson.com/product-images/mens-watches/longines-master-collection/1.webp|https://cdn.dummyjson.com/product-images/mens-watches/longines-master-collection/2.webp|https://cdn.dummyjson.com/product-images/mens-watches/longines-master-collection/3.webp,Accessories,Longines,ACCS-0022,true,3.9,183
Brown Leather Belt Watch,"The Brown Leather Belt Watch is a stylish timepiece with a classic design. Featuring a genuine leather strap and a sleek dial, it adds a touch of sophistication to your look.",7469,8813,32,https://cdn.dummyjson.com/product-images/mens-watches/brown-leather-belt-watch/thumbnail.webp,https://cdn.dummyjson.com/product-images/mens-watches/brown-leather-belt-watch/thumbnail.webp|https://cdn.dummyjson.com/product-images/mens-watches/brown-leather-belt-watch/1.webp|https://cdn.dummyjson.com/product-images/mens-watches/brown-leather-belt-watch/2.webp|https://cdn.dummyjson.com/product-images/mens-watches/brown-leather-belt-watch/3.webp,Accessories,Fashion Timepieces,ACCS-0023,true,4.2,176
New DELL XPS 13 9300 Laptop,"The New DELL XPS 13 9300 Laptop is a compact and powerful device, featuring a virtually borderless InfinityEdge display and high-end performance for various tasks.",124499,146908,74,https://cdn.dummyjson.com/product-images/laptops/new-dell-xps-13-9300-laptop/thumbnail.webp,https://cdn.dummyjson.com/product-images/laptops/new-dell-xps-13-9300-laptop/thumbnail.webp|https://cdn.dummyjson.com/product-images/laptops/new-dell-xps-13-9300-laptop/1.webp|https://cdn.dummyjson.com/product-images/laptops/new-dell-xps-13-9300-laptop/2.webp|https://cdn.dummyjson.com/product-images/laptops/new-dell-xps-13-9300-laptop/3.webp,Electronics,Dell,ELEC-0023,true,3.8,99
Lenovo Yoga 920,"The Lenovo Yoga 920 is a 2-in-1 convertible laptop with a flexible hinge, allowing you to use it as a laptop or tablet, offering versatility and portability.",91299,107732,40,https://cdn.dummyjson.com/product-images/laptops/lenovo-yoga-920/thumbnail.webp,https://cdn.dummyjson.com/product-images/laptops/lenovo-yoga-920/thumbnail.webp|https://cdn.dummyjson.com/product-images/laptops/lenovo-yoga-920/1.webp|https://cdn.dummyjson.com/product-images/laptops/lenovo-yoga-920/2.webp|https://cdn.dummyjson.com/product-images/laptops/lenovo-yoga-920/3.webp,Electronics,Lenovo,ELEC-0024,true,3.8,92
Huawei Matebook X Pro,"The Huawei Matebook X Pro is a slim and stylish laptop with a high-resolution touchscreen display, offering a premium experience for users on the go.",116199,137114,75,https://cdn.dummyjson.com/product-images/laptops/huawei-matebook-x-pro/thumbnail.webp,https://cdn.dummyjson.com/product-images/laptops/huawei-matebook-x-pro/thumbnail.webp|https://cdn.dummyjson.com/product-images/laptops/huawei-matebook-x-pro/1.webp|https://cdn.dummyjson.com/product-images/laptops/huawei-matebook-x-pro/2.webp|https://cdn.dummyjson.com/product-images/laptops/huawei-matebook-x-pro/3.webp,Electronics,Huawei,ELEC-0025,true,5.0,85
Asus Zenbook Pro Dual Screen Laptop,"The Asus Zenbook Pro Dual Screen Laptop is a high-performance device with dual screens, providing productivity and versatility for creative professionals.",149399,176290,45,https://cdn.dummyjson.com/product-images/laptops/asus-zenbook-pro-dual-screen-laptop/thumbnail.webp,https://cdn.dummyjson.com/product-images/laptops/asus-zenbook-pro-dual-screen-laptop/thumbnail.webp|https://cdn.dummyjson.com/product-images/laptops/asus-zenbook-pro-dual-screen-laptop/1.webp|https://cdn.dummyjson.com/product-images/laptops/asus-zenbook-pro-dual-screen-laptop/2.webp|https://cdn.dummyjson.com/product-images/laptops/asus-zenbook-pro-dual-screen-laptop/3.webp,Electronics,Asus,ELEC-0026,true,4.0,78
Apple MacBook Pro 14 Inch Space Grey,"The MacBook Pro 14 Inch in Space Grey is a powerful and sleek laptop, featuring Apple's M1 Pro chip for exceptional performance and a stunning Retina display.",165999,195878,24,https://cdn.dummyjson.com/product-images/laptops/apple-macbook-pro-14-inch-space-grey/thumbnail.webp,https://cdn.dummyjson.com/product-images/laptops/apple-macbook-pro-14-inch-space-grey/thumbnail.webp|https://cdn.dummyjson.com/product-images/laptops/apple-macbook-pro-14-inch-space-grey/1.webp|https://cdn.dummyjson.com/product-images/laptops/apple-macbook-pro-14-inch-space-grey/2.webp|https://cdn.dummyjson.com/product-images/laptops/apple-macbook-pro-14-inch-space-grey/3.webp,Electronics,Apple,ELEC-0027,true,3.8,71
House Showpiece Plant,The House Showpiece Plant is an artificial plant that brings a touch of nature to your home without the need for maintenance. It adds greenery and style to any space.,3319,3916,28,https://cdn.dummyjson.com/product-images/home-decoration/house-showpiece-plant/thumbnail.webp,https://cdn.dummyjson.com/product-images/home-decoration/house-showpiece-plant/thumbnail.webp|https://cdn.dummyjson.com/product-images/home-decoration/house-showpiece-plant/1.webp|https://cdn.dummyjson.com/product-images/home-decoration/house-showpiece-plant/2.webp|https://cdn.dummyjson.com/product-images/home-decoration/house-showpiece-plant/3.webp,Home,LUXE,HOME-0005,true,4.7,340
Decoration Swing,"The Decoration Swing is a charming addition to your home decor. Crafted with intricate details, it adds a touch of elegance and whimsy to any room.",4979,5875,47,https://cdn.dummyjson.com/product-images/home-decoration/decoration-swing/thumbnail.webp,https://cdn.dummyjson.com/product-images/home-decoration/decoration-swing/thumbnail.webp|https://cdn.dummyjson.com/product-images/home-decoration/decoration-swing/1.webp|https://cdn.dummyjson.com/product-images/home-decoration/decoration-swing/2.webp|https://cdn.dummyjson.com/product-images/home-decoration/decoration-swing/3.webp,Home,LUXE,HOME-0006,true,3.8,326
Wooden Bathroom Sink With Mirror,"The Wooden Bathroom Sink with Mirror is a unique and stylish addition to your bathroom, featuring a wooden sink countertop and a matching mirror.",66399,78350,7,https://cdn.dummyjson.com/product-images/furniture/wooden-bathroom-sink-with-mirror/thumbnail.webp,https://cdn.dummyjson.com/product-images/furniture/wooden-bathroom-sink-with-mirror/thumbnail.webp|https://cdn.dummyjson.com/product-images/furniture/wooden-bathroom-sink-with-mirror/1.webp|https://cdn.dummyjson.com/product-images/furniture/wooden-bathroom-sink-with-mirror/2.webp|https://cdn.dummyjson.com/product-images/furniture/wooden-bathroom-sink-with-mirror/3.webp,Home,Bath Trends,HOME-0007,true,3.8,130
Knoll Saarinen Executive Conference Chair,"The Knoll Saarinen Executive Conference Chair is a modern and ergonomic chair, perfect for your office or conference room with its timeless design.",41499,48968,26,https://cdn.dummyjson.com/product-images/furniture/knoll-saarinen-executive-conference-chair/thumbnail.webp,https://cdn.dummyjson.com/product-images/furniture/knoll-saarinen-executive-conference-chair/thumbnail.webp|https://cdn.dummyjson.com/product-images/furniture/knoll-saarinen-executive-conference-chair/1.webp|https://cdn.dummyjson.com/product-images/furniture/knoll-saarinen-executive-conference-chair/2.webp|https://cdn.dummyjson.com/product-images/furniture/knoll-saarinen-executive-conference-chair/3.webp,Home,Knoll,HOME-0008,true,4.9,123
Bedside Table African Cherry,"The Bedside Table in African Cherry is a stylish and functional addition to your bedroom, providing convenient storage space and a touch of elegance.",24899,29380,64,https://cdn.dummyjson.com/product-images/furniture/bedside-table-african-cherry/thumbnail.webp,https://cdn.dummyjson.com/product-images/furniture/bedside-table-african-cherry/thumbnail.webp|https://cdn.dummyjson.com/product-images/furniture/bedside-table-african-cherry/1.webp|https://cdn.dummyjson.com/product-images/furniture/bedside-table-african-cherry/2.webp|https://cdn.dummyjson.com/product-images/furniture/bedside-table-african-cherry/3.webp,Home,Furniture Co.,HOME-0009,true,3.8,116
Annibale Colombo Sofa,"The Annibale Colombo Sofa is a sophisticated and comfortable seating option, featuring exquisite design and premium upholstery for your living room.",207499,244848,60,https://cdn.dummyjson.com/product-images/furniture/annibale-colombo-sofa/thumbnail.webp,https://cdn.dummyjson.com/product-images/furniture/annibale-colombo-sofa/thumbnail.webp|https://cdn.dummyjson.com/product-images/furniture/annibale-colombo-sofa/1.webp|https://cdn.dummyjson.com/product-images/furniture/annibale-colombo-sofa/2.webp|https://cdn.dummyjson.com/product-images/furniture/annibale-colombo-sofa/3.webp,Home,Annibale Colombo,HOME-0010,true,3.9,109
Annibale Colombo Bed,"The Annibale Colombo Bed is a luxurious and elegant bed frame, crafted with high-quality materials for a comfortable and stylish bedroom.",157699,186084,88,https://cdn.dummyjson.com/product-images/furniture/annibale-colombo-bed/thumbnail.webp,https://cdn.dummyjson.com/product-images/furniture/annibale-colombo-bed/thumbnail.webp|https://cdn.dummyjson.com/product-images/furniture/annibale-colombo-bed/1.webp|https://cdn.dummyjson.com/product-images/furniture/annibale-colombo-bed/2.webp|https://cdn.dummyjson.com/product-images/furniture/annibale-colombo-bed/3.webp,Home,Annibale Colombo,HOME-0011,true,4.8,102
Gucci Bloom Eau de,"Gucci Bloom by Gucci is a floral and captivating fragrance, with notes of tuberose, jasmine, and Rangoon creeper. It's a modern and romantic scent.",6639,7834,91,https://cdn.dummyjson.com/product-images/fragrances/gucci-bloom-eau-de/thumbnail.webp,https://cdn.dummyjson.com/product-images/fragrances/gucci-bloom-eau-de/thumbnail.webp|https://cdn.dummyjson.com/product-images/fragrances/gucci-bloom-eau-de/1.webp|https://cdn.dummyjson.com/product-images/fragrances/gucci-bloom-eau-de/2.webp|https://cdn.dummyjson.com/product-images/fragrances/gucci-bloom-eau-de/3.webp,Beauty,Gucci,BEAU-0004,true,3.8,95
Dolce Shine Eau de,"Dolce Shine by Dolce & Gabbana is a vibrant and fruity fragrance, featuring notes of mango, jasmine, and blonde woods. It's a joyful and youthful scent.",5809,6854,5,https://cdn.dummyjson.com/product-images/fragrances/dolce-shine-eau-de/thumbnail.webp,https://cdn.dummyjson.com/product-images/fragrances/dolce-shine-eau-de/thumbnail.webp|https://cdn.dummyjson.com/product-images/fragrances/dolce-shine-eau-de/1.webp|https://cdn.dummyjson.com/product-images/fragrances/dolce-shine-eau-de/2.webp|https://cdn.dummyjson.com/product-images/fragrances/dolce-shine-eau-de/3.webp,Beauty,Dolce & Gabbana,BEAU-0005,true,4.0,88
Dior J'adore,"J'adore by Dior is a luxurious and floral fragrance, known for its blend of ylang-ylang, rose, and jasmine. It embodies femininity and sophistication.",7469,8813,98,https://cdn.dummyjson.com/product-images/fragrances/dior-j'adore/thumbnail.webp,https://cdn.dummyjson.com/product-images/fragrances/dior-j'adore/thumbnail.webp|https://cdn.dummyjson.com/product-images/fragrances/dior-j'adore/1.webp|https://cdn.dummyjson.com/product-images/fragrances/dior-j'adore/2.webp|https://cdn.dummyjson.com/product-images/fragrances/dior-j'adore/3.webp,Beauty,Dior,BEAU-0006,true,3.8,81
Chanel Coco Noir Eau De,"Coco Noir by Chanel is an elegant and mysterious fragrance, featuring notes of grapefruit, rose, and sandalwood. Perfect for evening occasions.",10789,12731,58,https://cdn.dummyjson.com/product-images/fragrances/chanel-coco-noir-eau-de/thumbnail.webp,https://cdn.dummyjson.com/product-images/fragrances/chanel-coco-noir-eau-de/thumbnail.webp|https://cdn.dummyjson.com/product-images/fragrances/chanel-coco-noir-eau-de/1.webp|https://cdn.dummyjson.com/product-images/fragrances/chanel-coco-noir-eau-de/2.webp|https://cdn.dummyjson.com/product-images/fragrances/chanel-coco-noir-eau-de/3.webp,Beauty,Chanel,BEAU-0007,true,4.3,74
Calvin Klein CK One,"CK One by Calvin Klein is a classic unisex fragrance, known for its fresh and clean scent. It's a versatile fragrance suitable for everyday wear.",4149,4895,29,https://cdn.dummyjson.com/product-images/fragrances/calvin-klein-ck-one/thumbnail.webp,https://cdn.dummyjson.com/product-images/fragrances/calvin-klein-ck-one/thumbnail.webp|https://cdn.dummyjson.com/product-images/fragrances/calvin-klein-ck-one/1.webp|https://cdn.dummyjson.com/product-images/fragrances/calvin-klein-ck-one/2.webp|https://cdn.dummyjson.com/product-images/fragrances/calvin-klein-ck-one/3.webp,Beauty,Calvin Klein,BEAU-0008,true,4.4,67
Monopod,"The Monopod is a versatile camera accessory for stable and adjustable shooting. Perfect for capturing selfies, group photos, and videos with ease.",1659,1959,48,https://cdn.dummyjson.com/product-images/mobile-accessories/monopod/thumbnail.webp,https://cdn.dummyjson.com/product-images/mobile-accessories/monopod/thumbnail.webp|https://cdn.dummyjson.com/product-images/mobile-accessories/monopod/1.webp|https://cdn.dummyjson.com/product-images/mobile-accessories/monopod/2.webp|https://cdn.dummyjson.com/product-images/mobile-accessories/monopod/thumbnail.webp,Electronics,TechGear,ELEC-0028,true,4.4,288
Apple iPhone Charger,The Apple iPhone Charger is a high-quality charger designed for fast and efficient charging of your iPhone. Ensure your device stays powered up and ready to go.,1659,1959,31,https://cdn.dummyjson.com/product-images/mobile-accessories/apple-iphone-charger/thumbnail.webp,https://cdn.dummyjson.com/product-images/mobile-accessories/apple-iphone-charger/thumbnail.webp|https://cdn.dummyjson.com/product-images/mobile-accessories/apple-iphone-charger/1.webp|https://cdn.dummyjson.com/product-images/mobile-accessories/apple-iphone-charger/2.webp|https://cdn.dummyjson.com/product-images/mobile-accessories/apple-iphone-charger/thumbnail.webp,Electronics,Apple,ELEC-0029,true,4.2,253
Apple MagSafe Battery Pack,The Apple MagSafe Battery Pack is a portable and convenient way to add extra battery life to your MagSafe-compatible iPhone. Attach it magnetically for a secure connection.,8299,9792,5,https://cdn.dummyjson.com/product-images/mobile-accessories/apple-magsafe-battery-pack/thumbnail.webp,https://cdn.dummyjson.com/product-images/mobile-accessories/apple-magsafe-battery-pack/thumbnail.webp|https://cdn.dummyjson.com/product-images/mobile-accessories/apple-magsafe-battery-pack/1.webp|https://cdn.dummyjson.com/product-images/mobile-accessories/apple-magsafe-battery-pack/2.webp|https://cdn.dummyjson.com/product-images/mobile-accessories/apple-magsafe-battery-pack/thumbnail.webp,Electronics,Apple,ELEC-0030,true,3.8,260
Amazon Echo Plus,The Amazon Echo Plus is a smart speaker with built-in Alexa voice control. It features premium sound quality and serves as a hub for controlling smart home devices.,8299,9792,61,https://cdn.dummyjson.com/product-images/mobile-accessories/amazon-echo-plus/thumbnail.webp,https://cdn.dummyjson.com/product-images/mobile-accessories/amazon-echo-plus/thumbnail.webp|https://cdn.dummyjson.com/product-images/mobile-accessories/amazon-echo-plus/1.webp|https://cdn.dummyjson.com/product-images/mobile-accessories/amazon-echo-plus/2.webp|https://cdn.dummyjson.com/product-images/mobile-accessories/amazon-echo-plus/thumbnail.webp,Electronics,Amazon,ELEC-0031,true,5.0,218
Mug Tree Stand,The Mug Tree Stand is a stylish and space-saving solution for organizing your mugs. Keep your favorite mugs easily accessible and neatly displayed in your kitchen.,1327,1627,88,https://cdn.dummyjson.com/product-images/kitchen-accessories/mug-tree-stand/thumbnail.webp,https://cdn.dummyjson.com/product-images/kitchen-accessories/mug-tree-stand/thumbnail.webp|https://cdn.dummyjson.com/product-images/kitchen-accessories/mug-tree-stand/1.webp|https://cdn.dummyjson.com/product-images/kitchen-accessories/mug-tree-stand/2.webp|https://cdn.dummyjson.com/product-images/kitchen-accessories/mug-tree-stand/thumbnail.webp,Home,LUXE,HOME-0012,true,3.8,494
Black Aluminium Cup,The Black Aluminium Cup is a stylish and durable cup suitable for both hot and cold beverages. Its sleek black design adds a modern touch to your drinkware collection.,497,797,75,https://cdn.dummyjson.com/product-images/kitchen-accessories/black-aluminium-cup/thumbnail.webp,https://cdn.dummyjson.com/product-images/kitchen-accessories/black-aluminium-cup/thumbnail.webp|https://cdn.dummyjson.com/product-images/kitchen-accessories/black-aluminium-cup/1.webp|https://cdn.dummyjson.com/product-images/kitchen-accessories/black-aluminium-cup/2.webp|https://cdn.dummyjson.com/product-images/kitchen-accessories/black-aluminium-cup/thumbnail.webp,Home,LUXE,HOME-0013,true,4.5,368
Volleyball,"The Volleyball is a standard ball used in the sport of volleyball. It is designed for passing, setting, and spiking over the net during volleyball matches.",995,1295,5,https://cdn.dummyjson.com/product-images/sports-accessories/volleyball/thumbnail.webp,https://cdn.dummyjson.com/product-images/sports-accessories/volleyball/thumbnail.webp|https://cdn.dummyjson.com/product-images/sports-accessories/volleyball/1.webp|https://cdn.dummyjson.com/product-images/sports-accessories/volleyball/thumbnail.webp|https://cdn.dummyjson.com/product-images/sports-accessories/volleyball/thumbnail.webp,Accessories,LUXE,ACCS-0024,true,3.8,96
Tennis Racket,"The Tennis Racket is an essential piece of equipment used in the sport of tennis. It features a frame with strings and a grip, allowing players to hit the tennis ball.",4149,4895,6,https://cdn.dummyjson.com/product-images/sports-accessories/tennis-racket/thumbnail.webp,https://cdn.dummyjson.com/product-images/sports-accessories/tennis-racket/thumbnail.webp|https://cdn.dummyjson.com/product-images/sports-accessories/tennis-racket/1.webp|https://cdn.dummyjson.com/product-images/sports-accessories/tennis-racket/thumbnail.webp|https://cdn.dummyjson.com/product-images/sports-accessories/tennis-racket/thumbnail.webp,Accessories,LUXE,ACCS-0025,true,4.0,89
